{
  "architecture": "EfficientNetLite0",
  "ece": 0.007482799226945312,
  "n_bins": 15,
  "bin_lower": [
    0.0,
    0.06666666666666667,
    0.13333333333333333,
    0.2,
    0.26666666666666666,
    0.3333333333333333,
    0.4,
    0.4666666666666667,
    0.5333333333333333,
    0.6,
    0.6666666666666666,
    0.7333333333333333,
    0.8,
    0.8666666666666667,
    0.9333333333333333
  ],
  "bin_accuracy": [
    0.0,
    0.0,
    0.0,
    0.0,
    0.0,
    0.0,
    0.0,
    0.5,
    0.4444444444444444,
    0.6666666666666666,
    0.8461538461538461,
    0.875,
    0.8,
    0.9142857142857143,
    0.9958791208791209
  ],
  "bin_confidence": [
    0.03333333333333333,
    0.1,
    0.16666666666666669,
    0.23333333333333334,
    0.3,
    0.3666666666666667,
    0.43333333333333335,
    0.5152730345726013,
    0.5596337914466858,
    0.6466655135154724,
    0.701353132724762,
    0.7781575918197632,
    0.8297150731086731,
    0.904189944267273,
    0.9946936368942261
  ],
  "bin_count": [
    0,
    0,
    0,
    0,
    0,
    0,
    0,
    12,
    9,
    9,
    13,
    16,
    10,
    35,
    728
  ]
}