{
  "chosen_architecture": "EfficientNetLite0",
  "test_accuracy": 0.9693396226415094,
  "test_set_size": 848,
  "class_names": [
    "Common_Rust",
    "Gray_Leaf_Spot",
    "Healthy",
    "Northern_Leaf_Blight",
    "Not_Maize"
  ],
  "expected_calibration_error": 0.007482799226945312,
  "ood_rejection_rate": 1.0,
  "model_size_mb": 4.84,
  "inference_latency_ms_cpu": 74.4,
  "architecture_comparison": [
    {
      "Architecture": "MobileNetV2",
      "Test accuracy": 0.9575,
      "Macro F1": 0.9395,
      "Params (M)": 2.42,
      "Training time (min)": 3.7,
      "Inference (ms, CPU)": 69.4
    },
    {
      "Architecture": "MobileNetV3Small",
      "Test accuracy": 0.9599,
      "Macro F1": 0.9414,
      "Params (M)": 1.01,
      "Training time (min)": 1.8,
      "Inference (ms, CPU)": 92.4
    },
    {
      "Architecture": "EfficientNetLite0",
      "Test accuracy": 0.9693,
      "Macro F1": 0.956,
      "Params (M)": 4.21,
      "Training time (min)": 5.7,
      "Inference (ms, CPU)": 74.4
    }
  ],
  "per_class_metrics": {
    "Common_Rust": {
      "precision": 0.9842105263157894,
      "recall": 0.9790575916230366,
      "f1-score": 0.9816272965879265,
      "support": 191.0
    },
    "Gray_Leaf_Spot": {
      "precision": 0.8536585365853658,
      "recall": 0.8536585365853658,
      "f1-score": 0.8536585365853658,
      "support": 82.0
    },
    "Healthy": {
      "precision": 1.0,
      "recall": 1.0,
      "f1-score": 1.0,
      "support": 187.0
    },
    "Northern_Leaf_Blight": {
      "precision": 0.9421052631578948,
      "recall": 0.9470899470899471,
      "f1-score": 0.9445910290237467,
      "support": 189.0
    },
    "Not_Maize": {
      "precision": 1.0,
      "recall": 1.0,
      "f1-score": 1.0,
      "support": 199.0
    },
    "accuracy": 0.9693396226415094,
    "macro avg": {
      "precision": 0.95599486521181,
      "recall": 0.9559612150596699,
      "f1-score": 0.9559753724394078,
      "support": 848.0
    },
    "weighted avg": {
      "precision": 0.9693892750744787,
      "recall": 0.9693396226415094,
      "f1-score": 0.9693614600634223,
      "support": 848.0
    }
  }
}