{
  "Common_Rust": {
    "precision": 0.9409090909090909,
    "recall": 0.9904306220095693,
    "f1-score": 0.965034965034965,
    "support": 209.0
  },
  "Gray_Leaf_Spot": {
    "precision": 0.8625,
    "recall": 0.8023255813953488,
    "f1-score": 0.8313253012048193,
    "support": 86.0
  },
  "Healthy": {
    "precision": 0.9844559585492227,
    "recall": 1.0,
    "f1-score": 0.9921671018276762,
    "support": 190.0
  },
  "Blight": {
    "precision": 0.96,
    "recall": 0.9180327868852459,
    "f1-score": 0.9385474860335196,
    "support": 183.0
  },
  "accuracy": 0.9491017964071856,
  "macro avg": {
    "precision": 0.9369662623645785,
    "recall": 0.927697247572541,
    "f1-score": 0.931768713525245,
    "support": 668.0
  },
  "weighted avg": {
    "precision": 0.9484305870125036,
    "recall": 0.9491017964071856,
    "f1-score": 0.9482817707893931,
    "support": 668.0
  },
  "mean_prediction_confidence": 0.9642796516418457,
  "test_set_size": 668
}